sequence,round,window,started_at,finished_at,p50_us,p99_us,max_us,throughput_rps
1,1,2,2026-09-28T22:54:55.306389+00:00,2026-09-28T22:55:05.827791+00:00,7999.667,11071.833,17878.959,247.041
2,1,1,2026-09-28T22:55:05.902229+00:00,2026-09-28T22:55:16.470312+00:00,3998.083,5685.333,14740.208,245.976
3,1,8,2026-09-28T22:55:16.542630+00:00,2026-09-28T22:55:19.425074+00:00,7992.125,10337.583,15078.875,991.428
4,1,4,2026-09-28T22:55:19.500491+00:00,2026-09-28T22:55:25.098050+00:00,7998.959,18772.25,26258.708,481.823
5,2,4,2026-09-28T22:55:25.174515+00:00,2026-09-28T22:55:30.722458+00:00,7998.5,10479.166,30077.709,488.541
6,2,8,2026-09-28T22:55:30.798010+00:00,2026-09-28T22:55:33.669954+00:00,7994.708,9187.083,15015.417,992.536
7,2,1,2026-09-28T22:55:33.741096+00:00,2026-09-28T22:55:44.580369+00:00,3995.666,5186.042,18992.917,246.764
8,2,2,2026-09-28T22:55:44.649193+00:00,2026-09-28T22:55:54.880787+00:00,7982.834,10958.0,20256.5,255.53
9,3,2,2026-09-28T22:55:54.919679+00:00,2026-09-28T22:56:04.895923+00:00,7987.167,8993.958,16026.625,255.297
10,3,1,2026-09-28T22:56:04.934042+00:00,2026-09-28T22:56:14.551592+00:00,3931.333,4269.833,10553.75,275.903
11,3,8,2026-09-28T22:56:14.626352+00:00,2026-09-28T22:56:17.121184+00:00,6956.75,8041.625,9037.292,1175.871
12,3,4,2026-09-28T22:56:17.160623+00:00,2026-09-28T22:56:21.741825+00:00,6953.375,10972.166,13017.25,588.25
13,4,2,2026-09-28T22:56:21.814970+00:00,2026-09-28T22:56:31.546351+00:00,7922.334,10248.208,20641.792,266.561
14,4,1,2026-09-28T22:56:31.623099+00:00,2026-09-28T22:56:41.913394+00:00,3989.666,5027.5,12751.208,253.39
15,4,8,2026-09-28T22:56:41.984551+00:00,2026-09-28T22:56:44.826050+00:00,7993.916,9055.292,10028.875,1006.582
16,4,4,2026-09-28T22:56:44.892857+00:00,2026-09-28T22:56:50.251682+00:00,7994.708,8998.708,14590.708,502.266
17,5,4,2026-09-28T22:56:50.291252+00:00,2026-09-28T22:56:55.637813+00:00,7993.0,9049.541,16986.417,504.042
18,5,2,2026-09-28T22:56:55.713608+00:00,2026-09-28T22:57:06.065015+00:00,7997.792,9046.75,15984.875,250.282
19,5,1,2026-09-28T22:57:06.140955+00:00,2026-09-28T22:57:16.194511+00:00,3976.625,5012.5,9695.334,260.464
20,5,8,2026-09-28T22:57:16.266837+00:00,2026-09-28T22:57:19.106441+00:00,7968.083,9000.584,14901.041,1022.589
