sequence,round,window,timing,started_at,finished_at,p50_us,p99_us,max_us,throughput_rps,client_thread_cpu_pct,client_jvm_cpu_pct,archive_write_bytes,archive_write_ns,archive_max_before_ns,archive_max_after_ns,archive_write_share_pct,log_offer_mean_us,log_offer_p50_us,log_offer_p99_us,log_offer_max_us,recording_observation_mean_us,recording_observation_p50_us,recording_observation_p99_us,recording_observation_max_us,process_encode_mean_us,process_encode_p50_us,process_encode_p99_us,process_encode_max_us,reply_offer_mean_us,reply_offer_p50_us,reply_offer_p99_us,reply_offer_max_us,server_total_mean_us,server_total_p50_us,server_total_p99_us,server_total_max_us
1,1,8,on,2026-10-01T20:07:54.715377+00:00,2026-10-01T20:07:57.598526+00:00,7987.917,8224.583,14560.625,1011.362,50.31,55.114,128000,1975778609,5375791,10564209,99.911,1.613,0.667,13.583,56.458,7875.166,7976.583,8103.708,14555.166,0.772,0.208,8.5,71.042,0.561,0.208,5.5,28.917,7878.112,7979.459,8105.334,14556.666
2,1,1,on,2026-10-01T20:07:57.669910+00:00,2026-10-01T20:08:07.668340+00:00,3969.5,4110.583,10687.208,261.694,51.101,52.35,128000,7573890740,5960666,10658834,99.102,4.263,2.167,20.792,79.917,3795.78,3951.292,4093.417,10663.75,2.738,1.0,11.667,80.917,1.889,0.917,11.5,37.167,3804.67,3959.708,4098.958,10680.916
3,2,1,on,2026-10-01T20:08:07.740478+00:00,2026-10-01T20:08:18.001296+00:00,3985.541,4982.125,13049.375,254.953,51.016,52.21,128000,7780263075,5033042,12993792,99.18,4.287,2.375,17.125,63.25,3898.225,3968.542,4968.375,13012.625,2.897,1.292,12.208,103.458,1.853,0.875,9.583,40.292,3907.263,3976.458,4973.125,13035.458
4,2,8,on,2026-10-01T20:08:18.076903+00:00,2026-10-01T20:08:20.973527+00:00,7989.875,9021.917,15010.042,1008.323,50.423,54.914,128000,1981762385,5075750,10648750,99.913,1.386,0.666,11.75,52.75,7906.018,7979.125,9009.875,15001.958,0.611,0.167,6.875,70.25,0.401,0.167,4.875,30.625,7908.415,7981.709,9010.791,15004.125
5,3,1,on,2026-10-01T20:08:21.047855+00:00,2026-10-01T20:08:31.108255+00:00,3962.042,5120.708,12818.542,265.203,50.559,51.769,128000,7481403402,11552542,12767375,99.204,3.849,1.667,23.166,148.834,3748.424,3945.208,5067.791,12797.209,2.307,0.708,14.834,76.375,1.681,0.625,10.833,71.417,3756.261,3952.791,5104.166,12811.833
6,3,8,on,2026-10-01T20:08:31.182211+00:00,2026-10-01T20:08:34.019029+00:00,7928.5,9977.791,13138.625,1050.595,51.256,55.986,128000,1901537994,6857708,10024667,99.887,1.91,0.667,19.792,94.75,7573.272,7907.0,9961.333,13119.916,1.156,0.208,18.125,181.375,0.717,0.208,7.75,72.875,7577.055,7910.291,9962.75,13122.709
7,4,1,on,2026-10-01T20:08:34.058800+00:00,2026-10-01T20:08:44.125360+00:00,3966.25,5059.375,11586.25,261.422,50.609,51.876,128000,7593480802,7860417,11573708,99.255,3.553,1.375,22.833,75.166,3804.287,3952.625,5055.791,11579.25,2.18,0.542,14.875,158.875,1.482,0.5,10.916,59.125,3811.502,3959.083,5056.917,11580.25
8,4,8,on,2026-10-01T20:08:44.198307+00:00,2026-10-01T20:08:47.093520+00:00,7976.167,8389.5,9013.459,1020.853,50.867,56.762,128000,1956755431,5432541,5432541,99.878,2.34,0.709,23.042,116.708,7792.107,7960.459,8385.125,9005.375,1.206,0.292,12.542,84.0,0.755,0.209,7.875,33.0,7796.408,7964.0,8386.208,9007.5
9,5,8,on,2026-10-01T20:08:47.166719+00:00,2026-10-01T20:08:50.073204+00:00,7981.292,9036.333,11012.375,1015.408,50.772,55.471,128000,1967781827,10628791,10628791,99.905,1.338,0.625,13.042,42.375,7845.386,7971.084,9018.958,11005.417,0.615,0.167,7.958,64.583,0.467,0.167,5.334,29.167,7847.806,7973.25,9020.25,11008.25
10,5,1,on,2026-10-01T20:08:50.147545+00:00,2026-10-01T20:09:00.383015+00:00,3983.875,5972.958,13450.667,255.602,50.491,51.641,128000,7765003409,6008750,13447834,99.238,4.005,1.875,21.0,64.0,3890.175,3968.417,5964.541,13448.209,2.648,0.917,11.125,114.5,1.682,0.625,10.667,31.125,3898.51,3975.5,5967.667,13449.208
