sequence,round,window,timing,started_at,finished_at,p50_us,p99_us,max_us,throughput_rps,client_thread_cpu_pct,client_jvm_cpu_pct,log_offer_mean_us,log_offer_p50_us,log_offer_p99_us,log_offer_max_us,recording_observation_mean_us,recording_observation_p50_us,recording_observation_p99_us,recording_observation_max_us,process_encode_mean_us,process_encode_p50_us,process_encode_p99_us,process_encode_max_us,reply_offer_mean_us,reply_offer_p50_us,reply_offer_p99_us,reply_offer_max_us,server_total_mean_us,server_total_p50_us,server_total_p99_us,server_total_max_us
1,1,1,on,2026-09-28T23:26:37.915362+00:00,2026-09-28T23:26:48.250110+00:00,3994.291,4126.459,10647.708,250.347,48.686,49.764,1.096,0.709,7.333,52.375,3986.217,3987.75,4122.416,10641.375,0.499,0.25,3.834,67.625,0.423,0.209,4.792,28.167,3988.235,3989.667,4124.5,10642.708
2,1,1,off,2026-09-28T23:26:48.325541+00:00,2026-09-28T23:26:58.671667+00:00,3996.916,4113.208,10665.042,250.85,49.582,50.701,,,,,,,,,,,,,,,,,,,,
3,1,8,on,2026-09-28T23:26:58.746013+00:00,2026-09-28T23:27:01.600618+00:00,7975.208,8134.0,10046.375,1030.022,51.134,55.933,1.766,0.708,17.125,56.667,7729.981,7962.0,8128.875,10024.292,0.766,0.208,7.833,75.958,0.561,0.208,5.958,52.0,7733.073,7965.209,8130.833,10030.25
4,1,8,off,2026-09-28T23:27:01.674895+00:00,2026-09-28T23:27:04.483425+00:00,7977.708,9040.666,14985.959,1016.914,50.56,53.652,,,,,,,,,,,,,,,,,,,,
5,2,8,off,2026-09-28T23:27:04.521653+00:00,2026-09-28T23:27:07.408209+00:00,7988.167,10081.75,16027.375,1002.092,50.618,55.125,,,,,,,,,,,,,,,,,,,,
6,2,8,on,2026-09-28T23:27:07.482143+00:00,2026-09-28T23:27:10.290376+00:00,7989.542,8123.75,9049.208,1015.889,50.414,53.547,1.046,0.542,9.417,48.792,7848.652,7979.875,8118.042,9043.166,0.35,0.125,2.792,54.917,0.301,0.166,2.625,23.25,7850.35,7981.417,8118.625,9044.542
7,2,1,off,2026-09-28T23:27:10.366787+00:00,2026-09-28T23:27:20.678189+00:00,3990.25,5964.625,10626.833,251.894,50.709,51.893,,,,,,,,,,,,,,,,,,,,
8,2,1,on,2026-09-28T23:27:20.750768+00:00,2026-09-28T23:27:31.038111+00:00,3991.708,5016.625,10687.875,252.34,50.733,51.915,2.971,1.292,19.459,77.125,3945.998,3981.042,5014.042,10671.5,1.793,0.542,10.792,71.125,1.381,0.375,13.333,55.459,3952.143,3986.375,5014.917,10680.459
9,3,1,on,2026-09-28T23:27:31.109662+00:00,2026-09-28T23:27:41.177637+00:00,3978.875,4975.667,10669.875,259.812,50.802,52.0,3.944,1.708,19.291,111.375,3825.752,3962.875,4952.292,10656.958,2.434,0.875,12.166,68.833,1.682,0.625,9.667,28.125,3833.813,3969.292,4960.958,10663.75
10,3,1,off,2026-09-28T23:27:41.246378+00:00,2026-09-28T23:27:51.034736+00:00,3957.708,4970.209,10628.375,266.354,50.855,52.19,,,,,,,,,,,,,,,,,,,,
11,3,8,on,2026-09-28T23:27:51.108531+00:00,2026-09-28T23:27:53.945292+00:00,7982.542,8298.625,14001.458,1025.818,50.771,55.501,1.575,0.583,21.375,92.5,7750.708,7972.0,8293.625,13996.875,0.614,0.167,10.083,76.833,0.459,0.167,6.5,26.375,7753.356,7974.333,8294.5,13997.917
12,3,8,off,2026-09-28T23:27:54.016755+00:00,2026-09-28T23:27:56.790769+00:00,7968.208,8955.292,10049.458,1036.934,50.952,55.111,,,,,,,,,,,,,,,,,,,,
13,4,1,on,2026-09-28T23:27:56.861230+00:00,2026-09-28T23:28:07.145560+00:00,3990.459,4236.375,10574.25,252.82,50.582,51.79,3.947,2.875,21.458,46.208,3934.065,3974.708,4226.75,10554.458,2.493,1.667,10.167,76.083,1.737,1.167,9.791,90.916,3942.242,3982.667,4231.167,10566.791
14,4,1,off,2026-09-28T23:28:07.219579+00:00,2026-09-28T23:28:17.480302+00:00,3995.459,4136.708,10936.041,252.372,49.406,50.48,,,,,,,,,,,,,,,,,,,,
15,4,8,on,2026-09-28T23:28:17.554780+00:00,2026-09-28T23:28:20.426190+00:00,7990.292,11968.208,12019.791,1004.101,50.24,54.165,1.336,0.542,10.083,492.083,7944.549,7983.417,11472.292,12006.292,0.405,0.166,3.583,60.958,0.504,0.167,3.958,364.083,7946.795,7985.417,11965.375,12012.625
16,4,8,off,2026-09-28T23:28:20.500745+00:00,2026-09-28T23:28:23.296643+00:00,7960.25,9096.291,14927.5,1026.283,50.328,52.87,,,,,,,,,,,,,,,,,,,,
17,5,8,off,2026-09-28T23:28:23.368887+00:00,2026-09-28T23:28:26.172352+00:00,7995.917,8119.584,9007.042,1009.165,50.252,54.6,,,,,,,,,,,,,,,,,,,,
18,5,1,on,2026-09-28T23:28:26.247189+00:00,2026-09-28T23:28:36.560493+00:00,3996.291,4155.583,10674.25,252.019,49.383,50.488,1.103,0.708,8.292,38.5,3959.623,3989.458,4147.666,10670.625,0.529,0.209,4.875,71.708,0.454,0.209,4.875,23.333,3961.709,3991.167,4148.5,10671.584
19,5,1,off,2026-09-28T23:28:36.633074+00:00,2026-09-28T23:28:46.957571+00:00,3998.125,4179.041,11269.583,250.948,49.169,50.274,,,,,,,,,,,,,,,,,,,,
20,5,8,on,2026-09-28T23:28:47.032704+00:00,2026-09-28T23:28:49.859109+00:00,7993.333,8977.167,9036.042,1008.659,50.455,53.795,1.033,0.541,8.917,39.834,7911.021,7983.25,8965.834,9025.291,0.385,0.166,3.5,56.958,0.303,0.125,2.666,22.875,7912.743,7984.958,8968.875,9028.333
