sequence,round,engine_window,client_window,timing,started_at,finished_at,p50_us,p99_us,max_us,throughput_rps,client_thread_cpu_pct,client_jvm_cpu_pct,archive_write_bytes,archive_write_ns,archive_max_before_ns,archive_max_after_ns,archive_write_share_pct,log_offer_mean_us,log_offer_p50_us,log_offer_p99_us,log_offer_max_us,recording_observation_mean_us,recording_observation_p50_us,recording_observation_p99_us,recording_observation_max_us,process_encode_mean_us,process_encode_p50_us,process_encode_p99_us,process_encode_max_us,reply_offer_mean_us,reply_offer_p50_us,reply_offer_p99_us,reply_offer_max_us,server_total_mean_us,server_total_p50_us,server_total_p99_us,server_total_max_us
1,1,8,8,on,2026-10-01T20:24:13.271343+00:00,2026-10-01T20:24:16.157342+00:00,7982.209,8905.208,10040.0,1025.371,51.024,55.948,128000,1948239007,5966000,6052666,99.883,1.956,0.667,21.667,107.666,7763.742,7966.625,8885.334,10034.125,0.998,0.208,11.458,79.75,0.673,0.208,8.125,26.791,7767.369,7970.125,8891.583,10036.417
2,1,8,32,on,2026-10-01T20:24:16.234702+00:00,2026-10-01T20:24:19.063591+00:00,30949.709,38009.625,39070.625,1045.16,51.684,56.61,128000,1911879337,5020584,10619750,99.911,1.248,0.583,12.208,138.542,7633.57,7962.958,9974.833,15010.167,0.458,0.167,5.167,76.416,0.365,0.167,3.875,32.084,7635.642,7964.834,9975.625,15013.416
3,1,16,32,on,2026-10-01T20:24:19.138296+00:00,2026-10-01T20:24:20.744177+00:00,15013.5,17036.042,18013.0,2112.826,51.445,59.446,128000,945063962,6032167,6032167,99.838,1.182,0.542,10.625,63.167,7553.237,7930.0,8938.25,10090.75,0.469,0.167,3.917,75.208,0.308,0.166,3.25,24.375,7555.197,7932.875,8939.042,10093.042
4,1,32,32,on,2026-10-01T20:24:20.819655+00:00,2026-10-01T20:24:21.850030+00:00,7979.792,9013.75,9036.334,4027.996,51.939,70.764,128000,494853626,5869583,5869583,99.663,1.156,0.459,10.125,145.041,7805.603,7962.875,8943.416,9022.291,0.344,0.125,2.333,102.583,0.296,0.125,2.584,26.0,7807.399,7963.75,8944.209,9026.833
5,1,16,16,on,2026-10-01T20:24:21.923633+00:00,2026-10-01T20:24:23.562238+00:00,7943.958,9043.834,15649.0,2101.423,52.063,62.008,128000,949658251,6069250,10651250,99.782,1.54,0.584,16.792,75.083,7564.53,7917.917,9009.083,15640.584,0.603,0.167,8.791,85.5,0.451,0.166,5.959,37.334,7567.124,7920.542,9014.833,15645.875
6,2,8,32,on,2026-10-01T20:24:23.636842+00:00,2026-10-01T20:24:26.415025+00:00,31944.459,33040.125,33100.666,1032.197,51.567,55.642,128000,1935957302,6853500,6853500,99.914,1.248,0.584,12.917,37.292,7739.365,7977.292,9005.708,10059.5,0.506,0.167,4.583,71.917,0.434,0.167,5.625,30.667,7741.553,7979.5,9006.458,10064.125
7,2,32,32,on,2026-10-01T20:24:26.488667+00:00,2026-10-01T20:24:27.495435+00:00,7982.709,8852.0,10098.667,4034.974,51.185,65.933,128000,494240546,4236709,5492958,99.712,1.251,0.541,12.417,94.792,7824.475,7961.375,8660.25,10074.833,0.366,0.125,3.708,56.916,0.39,0.125,4.375,133.458,7826.482,7963.583,8661.417,10075.667
8,2,16,32,on,2026-10-01T20:24:27.572025+00:00,2026-10-01T20:24:29.252757+00:00,15976.834,23003.833,23107.709,2023.025,52.19,60.088,128000,987131743,5029750,11051875,99.85,1.201,0.541,11.833,48.625,7887.067,7984.167,8354.959,15092.875,0.428,0.166,4.875,65.833,0.303,0.167,3.667,25.042,7888.999,7985.083,8356.0,15093.542
9,2,16,16,on,2026-10-01T20:24:29.327947+00:00,2026-10-01T20:24:30.988608+00:00,7987.959,14939.042,15081.417,2002.79,50.927,60.787,128000,997090993,4955708,8945709,99.848,1.213,0.583,12.167,40.041,7956.707,7973.958,14930.708,15069.167,0.537,0.166,5.625,143.5,0.379,0.167,4.209,29.584,7958.835,7976.625,14931.625,15070.25
10,2,8,8,on,2026-10-01T20:24:31.063328+00:00,2026-10-01T20:24:33.967515+00:00,7992.459,9020.0,11006.958,1005.204,50.093,54.62,128000,1988017489,4166417,7007541,99.918,1.096,0.542,10.791,48.708,7940.423,7983.042,9015.875,11001.375,0.371,0.166,3.875,53.125,0.351,0.167,3.875,40.542,7942.24,7985.291,9017.333,11002.792
11,3,32,32,on,2026-10-01T20:24:34.040641+00:00,2026-10-01T20:24:35.117322+00:00,7978.834,8198.75,8207.542,4077.747,51.828,70.536,128000,489164751,10541750,10541750,99.734,1.216,0.541,13.416,112.792,7731.767,7949.375,8178.083,8201.584,0.36,0.125,2.583,74.458,0.304,0.125,3.75,25.459,7733.646,7953.667,8178.833,8202.625
12,3,16,32,on,2026-10-01T20:24:35.193573+00:00,2026-10-01T20:24:36.842862+00:00,15976.166,17254.583,17571.875,2054.112,51.097,59.273,128000,971986340,4881417,5004667,99.828,1.201,0.542,14.0,79.084,7762.71,7988.625,9021.75,9295.0,0.491,0.166,5.875,67.75,0.306,0.167,4.583,30.708,7764.709,7990.25,9023.0,9297.833
13,3,8,32,on,2026-10-01T20:24:36.914993+00:00,2026-10-01T20:24:39.820401+00:00,31987.041,34009.5,35066.708,1009.772,51.149,54.517,128000,1979209320,4460708,5995833,99.928,1.113,0.584,9.084,39.417,7901.741,7996.708,8232.041,9999.917,0.445,0.167,4.917,64.75,0.346,0.167,3.875,23.333,7903.645,7998.792,8233.666,10007.708
14,3,8,8,on,2026-10-01T20:24:39.888529+00:00,2026-10-01T20:24:42.812669+00:00,7996.459,8151.667,9066.25,1008.772,50.071,54.499,128000,1980996794,10597709,10597709,99.919,0.941,0.542,10.083,52.375,7907.739,7989.291,8146.541,9062.541,0.397,0.166,4.084,51.709,0.318,0.167,3.833,23.958,7909.395,7990.791,8147.208,9063.625
15,3,16,16,on,2026-10-01T20:24:42.885285+00:00,2026-10-01T20:24:44.539003+00:00,7991.334,13000.459,16002.166,2004.894,50.945,60.227,128000,996044672,4053917,8971708,99.848,1.163,0.542,10.833,117.75,7949.35,7982.916,12995.041,15993.875,0.394,0.125,4.083,51.333,0.297,0.166,3.125,26.584,7951.204,7984.208,12995.708,15994.75
16,4,32,32,on,2026-10-01T20:24:44.612247+00:00,2026-10-01T20:24:45.626310+00:00,7980.5,8994.583,9205.084,4077.051,51.665,71.505,128000,489091711,4085833,4945708,99.703,1.229,0.5,13.042,124.958,7735.663,7962.625,8975.375,9184.25,0.39,0.125,2.959,75.458,0.295,0.166,3.542,29.708,7737.577,7964.416,8977.083,9187.417
17,4,8,8,on,2026-10-01T20:24:45.697812+00:00,2026-10-01T20:24:48.526625+00:00,7975.666,8163.792,9028.917,1032.801,50.818,54.745,128000,1934730392,10404459,10404459,99.91,1.499,0.666,12.875,58.084,7712.906,7963.083,8155.833,9024.25,0.647,0.167,6.959,67.292,0.492,0.167,5.333,26.292,7715.544,7966.375,8159.167,9025.208
18,4,16,32,on,2026-10-01T20:24:48.600003+00:00,2026-10-01T20:24:50.265576+00:00,15972.041,16090.583,16116.583,2041.74,51.705,62.082,128000,977715706,4402000,4550125,99.812,1.32,0.625,13.375,70.458,7800.436,7985.166,8088.416,8102.333,0.596,0.167,7.416,89.0,0.388,0.167,4.417,28.25,7802.74,7987.625,8090.833,8105.208
19,4,16,16,on,2026-10-01T20:24:50.339803+00:00,2026-10-01T20:24:52.018458+00:00,7940.208,8946.291,14548.125,2093.117,52.123,62.041,128000,953185461,5029833,10558916,99.756,2.067,0.667,22.291,115.25,7582.662,7919.0,8924.833,14523.208,0.976,0.25,10.833,88.334,0.672,0.208,7.583,44.959,7586.378,7923.5,8926.0,14531.125
20,4,8,32,on,2026-10-01T20:24:52.093895+00:00,2026-10-01T20:24:54.771389+00:00,27962.292,31927.167,31987.542,1153.025,52.12,57.839,128000,1731728536,6986583,6986583,99.836,2.733,0.792,27.75,75.542,6912.239,6981.375,8911.875,9135.375,1.394,0.292,10.333,76.042,0.862,0.209,8.167,26.958,6917.228,6990.125,8916.666,9137.208
21,5,8,8,on,2026-10-01T20:24:54.846232+00:00,2026-10-01T20:24:57.724160+00:00,7986.625,8949.041,14677.125,1011.306,51.322,55.953,128000,1975351838,5988709,10628334,99.884,1.678,0.667,16.833,112.583,7870.936,7975.542,8944.166,14673.584,0.679,0.167,8.083,60.958,0.504,0.167,6.875,27.375,7873.798,7978.75,8945.208,14674.834
22,5,8,32,on,2026-10-01T20:24:57.793525+00:00,2026-10-01T20:25:00.724412+00:00,31983.167,32074.833,32133.625,1010.332,51.291,55.782,128000,1978100288,9035458,9035458,99.927,1.299,0.625,12.75,44.625,7889.53,7989.542,8091.791,8256.25,0.497,0.167,4.208,69.458,0.396,0.167,4.375,22.958,7891.721,7991.458,8092.75,8272.25
23,5,16,16,on,2026-10-01T20:25:00.801124+00:00,2026-10-01T20:25:02.464621+00:00,7978.125,8965.917,13991.0,2039.34,51.73,61.436,128000,978882253,4946208,9736875,99.814,1.767,0.667,17.083,151.458,7794.76,7963.583,8959.583,13981.292,0.668,0.167,6.916,53.834,0.451,0.167,5.834,30.708,7797.646,7965.916,8960.458,13985.167
24,5,32,32,on,2026-10-01T20:25:02.536568+00:00,2026-10-01T20:25:03.574196+00:00,7979.708,8987.417,9073.375,4102.068,51.843,67.08,128000,485800293,5067750,5079875,99.639,1.266,0.5,11.958,59.416,7648.62,7954.333,8957.792,9057.833,0.443,0.166,5.0,64.375,0.353,0.166,4.125,28.791,7650.682,7955.667,8960.333,9058.709
25,5,16,32,on,2026-10-01T20:25:03.647194+00:00,2026-10-01T20:25:05.321435+00:00,15973.708,16155.708,16186.125,2022.97,51.879,59.612,128000,986947870,9083583,9083583,99.828,1.66,0.708,15.417,115.75,7884.299,7986.791,8114.667,8166.667,0.762,0.25,7.917,73.25,0.5,0.167,5.291,100.792,7887.221,7991.167,8115.958,8168.709
