sequence,profile,round,engine_window,gateway_window,client_window,warmup,deadline_ms,started_at,finished_at,completed,successful,rpc_failures,peak_outstanding,status_deadline_exceeded,status_unavailable,status_cancelled,status_internal,status_unknown,successful_rps,completion_rps,terminal_p50_us,terminal_p99_us,terminal_max_us,success_p50_us,success_p99_us,success_max_us,gateway_accepted,gateway_queue_full,gateway_activated,gateway_queue_high_water,gateway_active_high_water,gateway_offers,gateway_retries,gateway_offer_timeouts,gateway_reply_timeouts,queue_wait_mean_us,queue_wait_max_us,engine_samples,engine_warmup,recording_observation_mean_us,recording_observation_p50_us,recording_observation_p99_us,recording_observation_max_us,server_total_mean_us,server_total_p50_us,server_total_p99_us,server_total_max_us
1,baseline,1,8,8,8,500,5000,2026-10-01T20:48:21.026917+00:00,2026-10-01T20:48:24.972669+00:00,2000,2000,0,8,0,0,0,0,0,1051.817,1051.817,7861.25,9912.459,18955.541,7861.25,9912.459,18955.541,2500,0,2500,7,8,2500,0,0,0,10.188,1483.084,2000,500,7182.454,7323.375,9354.667,18527.209,7185.188,7328.917,9361.625,18532.625
2,baseline,1,8,8,32,500,5000,2026-10-01T20:48:24.974742+00:00,2026-10-01T20:48:28.933280+00:00,2000,2000,0,32,0,0,0,0,0,1012.426,1012.426,31924.917,33871.0,34182.0,31924.917,33871.0,34182.0,2500,0,2500,31,8,2500,0,0,0,22760.088,27634.083,2000,500,7832.948,7948.667,8882.375,9972.708,7836.399,7951.083,8900.125,9976.417
3,baseline,1,16,16,32,500,5000,2026-10-01T20:48:28.933976+00:00,2026-10-01T20:48:31.708556+00:00,2000,2000,0,32,0,0,0,0,0,2026.969,2026.969,15881.541,17792.584,18116.792,15881.541,17792.584,18116.792,2500,0,2500,31,16,2500,0,0,0,6975.266,16777.542,2000,500,7778.535,7912.916,8946.209,9976.208,7781.367,7915.375,8947.208,9986.542
4,baseline,1,32,32,32,500,5000,2026-10-01T20:48:31.709288+00:00,2026-10-01T20:48:33.878917+00:00,2000,2000,0,32,0,0,0,0,0,4031.128,4031.128,7862.083,8778.833,10069.209,7862.083,8778.833,10069.209,2500,0,2500,31,32,2500,0,0,0,32.681,1790.666,2000,500,6743.68,6921.875,7636.667,7659.542,6745.97,6924.5,7639.0,7667.042
5,baseline,1,16,16,16,500,5000,2026-10-01T20:48:33.879729+00:00,2026-10-01T20:48:36.619845+00:00,2000,2000,0,16,0,0,0,0,0,2062.573,2062.573,7896.417,8919.416,9337.292,7896.417,8919.416,9337.292,2500,0,2500,15,16,2500,0,0,0,18.866,1925.292,2000,500,7041.551,7193.917,8419.666,9044.375,7044.217,7196.541,8420.917,9053.208
6,baseline,2,8,8,32,500,5000,2026-10-01T20:48:36.620827+00:00,2026-10-01T20:48:40.611482+00:00,2000,2000,0,32,0,0,0,0,0,1003.694,1003.694,31944.834,37887.625,38618.75,31944.834,37887.625,38618.75,2500,0,2500,31,8,2500,0,0,0,23014.82,30221.875,2000,500,7905.355,7953.667,8940.167,14573.959,7908.224,7956.583,8941.0,14578.375
7,baseline,2,32,32,32,500,5000,2026-10-01T20:48:40.612337+00:00,2026-10-01T20:48:42.762164+00:00,2000,2000,0,32,0,0,0,0,0,4018.261,4018.261,7822.458,8872.875,9634.416,7822.458,8872.875,9634.416,2500,0,2500,31,32,2500,0,0,0,46.907,2611.5,2000,500,6423.97,6545.833,7722.666,8416.333,6426.44,6550.917,7731.75,8421.917
8,baseline,2,16,16,32,500,5000,2026-10-01T20:48:42.763023+00:00,2026-10-01T20:48:45.480352+00:00,2000,2000,0,32,0,0,0,0,0,2029.271,2029.271,15890.083,16811.459,17305.875,15890.083,16811.459,17305.875,2500,0,2500,31,16,2500,0,0,0,7075.755,17119.542,2000,500,7773.328,7912.125,8056.334,8917.334,7775.968,7913.417,8057.75,8922.584
9,baseline,2,16,16,16,500,5000,2026-10-01T20:48:45.482197+00:00,2026-10-01T20:48:48.281095+00:00,2000,2000,0,16,0,0,0,0,0,2025.052,2025.052,7920.792,8475.584,9211.458,7920.792,8475.584,9211.458,2500,0,2500,15,16,2500,0,0,0,19.516,2106.166,2000,500,7226.135,7354.875,7865.834,8673.625,7228.646,7358.041,7866.833,8675.375
10,baseline,2,8,8,8,500,5000,2026-10-01T20:48:48.282033+00:00,2026-10-01T20:48:52.302483+00:00,2000,2000,0,8,0,0,0,0,0,1008.722,1008.722,7953.084,8186.208,9184.709,7953.084,8186.208,9184.709,2500,0,2500,7,8,2500,0,0,0,10.224,1361.167,2000,500,7493.859,7608.459,7887.458,8850.875,7496.613,7610.75,7888.125,8854.041
11,baseline,3,32,32,32,500,5000,2026-10-01T20:48:52.303367+00:00,2026-10-01T20:48:54.454670+00:00,2000,2000,0,32,0,0,0,0,0,3995.241,3995.241,7833.625,8319.667,8605.125,7833.625,8319.667,8605.125,2500,0,2500,31,32,2500,0,0,0,39.484,2086.791,2000,500,6510.579,6601.75,7746.5,7851.0,6512.813,6602.542,7748.291,7854.166
12,baseline,3,16,16,32,500,5000,2026-10-01T20:48:54.455611+00:00,2026-10-01T20:48:57.219235+00:00,2000,2000,0,32,0,0,0,0,0,2008.523,2008.523,15921.542,16207.625,16367.125,15921.542,16207.625,16367.125,2500,0,2500,31,16,2500,0,0,0,7077.595,17466.417,2000,500,7862.113,7928.0,8060.25,8119.292,7864.855,7930.042,8061.5,8120.375
13,baseline,3,8,8,32,500,5000,2026-10-01T20:48:57.220194+00:00,2026-10-01T20:49:01.190120+00:00,2000,2000,0,32,0,0,0,0,0,1007.868,1007.868,31921.375,33044.125,34055.917,31921.375,33044.125,34055.917,2500,0,2500,31,8,2500,0,0,0,22955.194,29887.5,2000,500,7856.875,7940.458,8087.666,10030.5,7859.696,7943.375,8088.75,10036.625
14,baseline,3,8,8,8,500,5000,2026-10-01T20:49:01.191093+00:00,2026-10-01T20:49:05.167393+00:00,2000,2000,0,8,0,0,0,0,0,1015.921,1015.921,7917.75,9415.5,13707.084,7917.75,9415.5,13707.084,2500,0,2500,7,8,2500,0,0,0,11.127,1353.042,2000,500,7191.669,7299.166,8556.875,13388.667,7195.518,7301.25,8565.75,13399.542
15,baseline,3,16,16,16,500,5000,2026-10-01T20:49:05.168366+00:00,2026-10-01T20:49:07.961280+00:00,2000,2000,0,16,0,0,0,0,0,2028.501,2028.501,7880.375,9081.125,9277.125,7880.375,9081.125,9277.125,2500,0,2500,15,16,2500,0,0,0,22.088,2127.459,2000,500,6998.086,7080.959,8211.458,8487.125,7001.371,7085.0,8218.166,8491.667
16,baseline,4,32,32,32,500,5000,2026-10-01T20:49:07.962554+00:00,2026-10-01T20:49:10.167744+00:00,2000,2000,0,32,0,0,0,0,0,3994.044,3994.044,7815.542,9571.375,10411.375,7815.542,9571.375,10411.375,2500,0,2500,31,32,2500,0,0,0,55.607,3034.541,2000,500,6442.72,6611.875,7585.375,7734.291,6445.405,6613.084,7587.459,7758.875
17,baseline,4,8,8,8,500,5000,2026-10-01T20:49:10.168798+00:00,2026-10-01T20:49:14.120226+00:00,2000,2000,0,8,0,0,0,0,0,1060.773,1060.773,7761.625,10089.25,13917.0,7761.625,10089.25,13917.0,2500,0,2500,7,8,2500,0,0,0,12.035,1582.0,2000,500,6924.916,7047.375,9713.625,13611.0,6928.894,7051.917,9716.583,13617.833
18,baseline,4,16,16,32,500,5000,2026-10-01T20:49:14.121264+00:00,2026-10-01T20:49:16.783598+00:00,2000,2000,0,32,0,0,0,0,0,2179.291,2179.291,14485.125,20713.416,23078.792,14485.125,20713.416,23078.792,2500,0,2500,31,16,2500,0,0,0,6068.241,16545.042,2000,500,7181.53,6962.583,10848.542,12047.708,7185.595,6968.083,10849.375,12058.583
19,baseline,4,16,16,16,500,5000,2026-10-01T20:49:16.784743+00:00,2026-10-01T20:49:19.576016+00:00,2000,2000,0,16,0,0,0,0,0,2050.415,2050.415,7859.833,8844.125,10039.959,7859.833,8844.125,10039.959,2500,0,2500,15,16,2500,0,0,0,20.505,1580.084,2000,500,6850.846,6945.833,7705.083,8416.292,6854.226,6947.875,7706.709,8429.417
20,baseline,4,8,8,32,500,5000,2026-10-01T20:49:19.577217+00:00,2026-10-01T20:49:23.421216+00:00,2000,2000,0,32,0,0,0,0,0,1076.506,1076.506,29888.125,35893.333,37068.416,29888.125,35893.333,37068.416,2500,0,2500,31,8,2500,0,0,0,21373.068,29327.958,2000,500,7343.294,7016.791,9922.75,14406.542,7347.296,7019.959,9924.125,14417.459
21,baseline,5,8,8,8,500,5000,2026-10-01T20:49:23.422429+00:00,2026-10-01T20:49:27.459590+00:00,2000,2000,0,8,0,0,0,0,0,1030.861,1030.861,7892.084,8777.833,9247.125,7892.084,8777.833,9247.125,2500,0,2500,7,8,2500,0,0,0,13.402,1706.209,2000,500,7030.231,7320.834,7841.417,8577.209,7034.948,7323.208,7845.333,8583.375
22,baseline,5,8,8,32,500,5000,2026-10-01T20:49:27.460948+00:00,2026-10-01T20:49:31.493224+00:00,2000,2000,0,32,0,0,0,0,0,1005.734,1005.734,31926.459,37906.166,38453.333,31926.459,37906.166,38453.333,2500,0,2500,31,8,2500,0,0,0,22900.175,32319.292,2000,500,7882.268,7937.25,8062.709,14580.291,7886.202,7940.208,8067.292,14582.5
23,baseline,5,16,16,16,500,5000,2026-10-01T20:49:31.494489+00:00,2026-10-01T20:49:34.191842+00:00,2000,2000,0,16,0,0,0,0,0,2139.652,2139.652,7136.083,9017.833,10000.75,7136.083,9017.833,10000.75,2500,0,2500,15,16,2500,0,0,0,23.041,2296.958,2000,500,6635.367,6615.541,8592.458,9686.333,6638.465,6619.875,8593.167,9687.667
24,baseline,5,32,32,32,500,5000,2026-10-01T20:49:34.192991+00:00,2026-10-01T20:49:36.349394+00:00,2000,2000,0,32,0,0,0,0,0,4058.58,4058.58,7821.083,9042.5,10003.292,7821.083,9042.5,10003.292,2500,0,2500,31,32,2500,0,0,0,38.19,1919.416,2000,500,6631.9,6741.958,8441.542,8677.709,6634.294,6742.834,8442.5,8682.084
25,baseline,5,16,16,32,500,5000,2026-10-01T20:49:36.350578+00:00,2026-10-01T20:49:39.077738+00:00,2000,2000,0,32,0,0,0,0,0,2043.307,2043.307,15776.584,21901.833,22538.541,15776.584,21901.833,22538.541,2500,0,2500,31,16,2500,0,0,0,6950.279,15866.25,2000,500,7721.685,7889.25,8060.709,14528.167,7724.49,7891.084,8062.541,14531.583
26,pressure,1,32,32,256,0,5000,2026-10-01T20:49:39.078907+00:00,2026-10-01T20:49:40.772475+00:00,2000,769,1231,256,0,1231,0,0,0,1894.483,4927.133,9382.292,233092.083,244094.209,43878.792,236000.75,244094.209,769,1231,769,128,32,769,0,0,0,25202.492,39479.875,769,0,6581.21,6610.375,9323.334,9368.958,6593.304,6617.583,9335.125,9414.959
27,pressure,1,16,16,256,0,5000,2026-10-01T20:49:40.773647+00:00,2026-10-01T20:49:42.509190+00:00,2000,432,1568,256,0,1568,0,0,0,995.507,4608.829,7263.0,265614.041,270768.666,76774.333,270657.042,270768.666,432,1568,432,128,16,432,0,0,0,52627.098,69246.375,432,0,7041.587,7309.916,9209.417,9285.084,7060.643,7316.792,9231.458,9315.875
28,pressure,1,8,8,256,0,5000,2026-10-01T20:49:42.510447+00:00,2026-10-01T20:49:44.332231+00:00,2000,275,1725,256,0,1725,0,0,0,559.114,4066.284,7873.708,310648.625,325613.666,215859.959,321671.333,325613.666,275,1725,275,128,8,275,0,0,0,96544.393,129242.625,275,0,7332.355,7713.083,8159.625,8168.708,7362.953,7725.625,8177.959,8334.167
29,deadline,1,8,8,32,0,10,2026-10-01T20:49:44.333442+00:00,2026-10-01T20:49:46.038132+00:00,2000,0,2000,32,755,1245,0,0,0,0.0,5291.412,2556.583,21384.625,51693.875,,,,296,1245,296,128,8,296,0,0,0,92378.273,126169.208,296,0,7320.205,7672.167,8900.667,8904.417,7350.919,7692.166,8905.042,8909.375
30,pressure,2,16,16,256,0,5000,2026-10-01T20:49:46.039383+00:00,2026-10-01T20:49:47.765887+00:00,2000,465,1535,256,0,1535,0,0,0,1059.594,4557.394,7866.5,257414.334,264152.334,72859.042,262540.458,264152.334,465,1535,465,128,16,465,0,0,0,49980.679,64895.625,465,0,6483.55,6504.75,7753.125,7931.708,6502.007,6511.917,7762.125,7951.916
31,pressure,2,32,32,256,0,5000,2026-10-01T20:49:47.767240+00:00,2026-10-01T20:49:49.533429+00:00,2000,831,1169,256,0,1169,0,0,0,1986.392,4780.726,10812.542,237771.834,244996.083,43503.292,242420.209,244996.083,831,1169,831,128,32,831,0,0,0,24828.441,39178.75,831,0,6517.919,6533.75,7999.958,8277.0,6529.58,6538.916,8003.708,8325.25
32,pressure,2,8,8,256,0,5000,2026-10-01T20:49:49.534725+00:00,2026-10-01T20:49:51.356098+00:00,2000,296,1704,256,0,1704,0,0,0,587.616,3970.377,8469.625,320961.292,328935.542,139631.083,327283.125,328935.542,296,1704,296,128,8,296,0,0,0,95894.813,124447.375,296,0,6946.179,6883.708,7935.0,7956.542,6975.36,6904.375,7969.959,8376.083
33,deadline,2,8,8,32,0,10,2026-10-01T20:49:51.357414+00:00,2026-10-01T20:49:53.047098+00:00,2000,0,2000,32,767,1233,0,0,0,0.0,5195.691,2543.75,23175.125,50383.25,,,,305,1233,305,128,8,305,0,0,0,90234.697,136249.292,305,0,7329.451,6780.125,15880.5,15884.75,7370.22,6834.708,15884.959,15894.125
34,pressure,3,16,16,256,0,5000,2026-10-01T20:49:53.048679+00:00,2026-10-01T20:49:54.781230+00:00,2000,490,1510,256,0,1510,0,0,0,1099.384,4487.281,8157.75,258895.916,264662.667,73319.083,262251.083,264662.667,490,1510,490,128,16,490,0,0,0,48379.154,63391.375,490,0,6587.322,6570.25,7871.625,7876.709,6608.599,6578.375,7879.208,7905.084
35,pressure,3,8,8,256,0,5000,2026-10-01T20:49:54.782663+00:00,2026-10-01T20:49:56.564772+00:00,2000,281,1719,256,0,1719,0,0,0,548.524,3904.086,8118.333,332158.5,340898.208,227363.791,340734.667,340898.208,281,1719,281,128,8,281,0,0,0,101068.692,131873.125,281,0,7447.084,7578.125,8735.083,8805.75,7476.588,7587.542,8745.75,8845.708
36,pressure,3,32,32,256,0,5000,2026-10-01T20:49:56.566189+00:00,2026-10-01T20:49:58.357053+00:00,2000,778,1222,256,0,1222,0,0,0,1881.868,4837.706,10193.75,236553.916,247626.584,44646.958,240510.416,247626.584,778,1222,778,128,32,778,0,0,0,25321.7,37050.834,778,0,6676.17,6718.75,7824.792,7836.459,6689.064,6722.916,7830.75,9397.667
37,deadline,3,8,8,32,0,10,2026-10-01T20:49:58.358535+00:00,2026-10-01T20:50:00.047867+00:00,2000,0,2000,32,763,1237,0,0,0,0.0,5225.879,2553.75,22269.834,51600.125,,,,304,1237,304,128,8,304,0,0,0,89533.967,120660.208,304,0,7018.3,6987.5,7936.625,7972.958,7046.745,7010.417,7941.625,7978.833
