sequence,round,window,idle_mode,started_at,finished_at,p50_us,p99_us,max_us,throughput_rps,client_thread_cpu_pct,client_jvm_cpu_pct
1,1,2,spin,2026-09-28T23:07:59.552814+00:00,2026-09-28T23:08:09.393132+00:00,7952.542,8956.125,16095.167,262.784,99.348,102.432
2,1,2,sleep,2026-09-28T23:08:09.431858+00:00,2026-09-28T23:08:19.001574+00:00,7101.75,8590.916,15005.167,270.242,49.526,50.816
3,1,8,spin,2026-09-28T23:08:19.076967+00:00,2026-09-28T23:08:21.712285+00:00,7006.708,12139.834,14020.834,1105.108,99.298,106.49
4,1,8,sleep,2026-09-28T23:08:21.787494+00:00,2026-09-28T23:08:24.392981+00:00,7024.5,8068.833,8984.541,1112.525,50.301,54.671
5,1,1,spin,2026-09-28T23:08:24.464280+00:00,2026-09-28T23:08:33.635282+00:00,3886.666,4905.0,10781.292,281.777,99.262,103.201
6,1,1,sleep,2026-09-28T23:08:33.707707+00:00,2026-09-28T23:08:43.490453+00:00,3977.542,4111.25,10708.5,260.935,50.013,51.265
7,1,4,spin,2026-09-28T23:08:43.566162+00:00,2026-09-28T23:08:48.812604+00:00,7967.584,9000.125,14932.209,516.964,99.42,103.022
8,1,4,sleep,2026-09-28T23:08:48.884941+00:00,2026-09-28T23:08:53.485187+00:00,6864.583,11943.083,14020.042,597.425,49.779,51.138
9,2,8,sleep,2026-09-28T23:08:53.523405+00:00,2026-09-28T23:08:56.050546+00:00,6991.792,8874.917,14931.792,1150.2,50.631,53.777
10,2,8,spin,2026-09-28T23:08:56.123998+00:00,2026-09-28T23:08:58.601906+00:00,6933.333,8048.083,9006.584,1201.373,99.414,107.677
11,2,1,spin,2026-09-28T23:08:58.678104+00:00,2026-09-28T23:09:07.412146+00:00,3030.209,4877.958,10611.125,304.603,99.456,102.702
12,2,1,sleep,2026-09-28T23:09:07.451379+00:00,2026-09-28T23:09:16.672142+00:00,3899.25,4081.708,10591.458,281.939,50.796,52.166
13,2,4,sleep,2026-09-28T23:09:16.740146+00:00,2026-09-28T23:09:21.593155+00:00,7005.791,9993.0,14683.375,556.531,51.074,53.838
14,2,2,sleep,2026-09-28T23:09:21.664746+00:00,2026-09-28T23:09:30.642082+00:00,6948.875,8995.542,14590.667,295.693,50.858,52.218
15,2,4,spin,2026-09-28T23:09:30.715545+00:00,2026-09-28T23:09:35.665087+00:00,7046.125,10002.333,14014.041,549.477,98.94,102.674
16,2,2,spin,2026-09-28T23:09:35.740370+00:00,2026-09-28T23:09:45.466824+00:00,7049.667,12942.333,21180.333,269.11,99.336,101.745
17,3,1,spin,2026-09-28T23:09:45.506435+00:00,2026-09-28T23:09:54.401722+00:00,3060.334,4920.667,10619.834,294.299,99.18,102.767
18,3,2,sleep,2026-09-28T23:09:54.474284+00:00,2026-09-28T23:10:03.547397+00:00,7016.041,8095.458,14006.375,280.909,50.606,51.816
19,3,8,spin,2026-09-28T23:10:03.620152+00:00,2026-09-28T23:10:06.382883+00:00,7935.0,10309.625,11161.75,1052.17,99.295,106.265
20,3,1,sleep,2026-09-28T23:10:06.455799+00:00,2026-09-28T23:10:15.323338+00:00,3032.667,4077.834,10606.875,303.819,50.68,52.162
21,3,2,spin,2026-09-28T23:10:15.398494+00:00,2026-09-28T23:10:23.977607+00:00,6944.333,8990.125,13979.75,300.672,98.722,102.053
22,3,8,sleep,2026-09-28T23:10:24.052129+00:00,2026-09-28T23:10:26.541895+00:00,6969.708,8059.458,9017.75,1169.064,50.533,56.078
23,3,4,spin,2026-09-28T23:10:26.613940+00:00,2026-09-28T23:10:31.037698+00:00,6069.208,8033.5,14043.667,620.247,99.441,104.062
24,3,4,sleep,2026-09-28T23:10:31.114526+00:00,2026-09-28T23:10:35.557914+00:00,6099.084,8080.125,13555.125,607.996,51.058,53.837
25,4,4,spin,2026-09-28T23:10:35.632382+00:00,2026-09-28T23:10:40.190494+00:00,6912.166,8077.458,14994.125,602.456,99.395,103.945
26,4,8,sleep,2026-09-28T23:10:40.266303+00:00,2026-09-28T23:10:42.831050+00:00,7001.0,8929.167,12974.25,1131.959,50.662,56.183
27,4,2,sleep,2026-09-28T23:10:42.904149+00:00,2026-09-28T23:10:51.383047+00:00,6082.209,8078.583,14948.791,306.965,50.683,52.199
28,4,2,spin,2026-09-28T23:10:51.450449+00:00,2026-09-28T23:10:59.971444+00:00,6045.75,8959.833,16174.917,307.945,98.919,102.123
29,4,1,spin,2026-09-28T23:11:00.045678+00:00,2026-09-28T23:11:08.885877+00:00,3029.958,4895.583,10981.459,301.807,99.121,102.718
30,4,1,sleep,2026-09-28T23:11:08.961787+00:00,2026-09-28T23:11:17.705459+00:00,3038.916,4084.583,9649.125,300.669,50.695,52.186
31,4,8,spin,2026-09-28T23:11:17.776829+00:00,2026-09-28T23:11:20.223558+00:00,6905.0,9833.542,15435.417,1194.934,98.577,106.369
32,4,4,sleep,2026-09-28T23:11:20.298743+00:00,2026-09-28T23:11:24.971718+00:00,6952.417,8061.375,13082.625,598.322,50.541,52.019
33,5,2,spin,2026-09-28T23:11:25.047577+00:00,2026-09-28T23:11:33.602424+00:00,6044.917,8047.458,14760.625,309.27,99.283,101.959
34,5,2,sleep,2026-09-28T23:11:33.642085+00:00,2026-09-28T23:11:42.288996+00:00,6915.709,8091.75,13932.583,300.532,50.772,52.08
35,5,1,sleep,2026-09-28T23:11:42.362487+00:00,2026-09-28T23:11:50.932975+00:00,3029.0,4060.875,10587.5,304.517,49.98,51.441
36,5,8,spin,2026-09-28T23:11:51.004260+00:00,2026-09-28T23:11:53.632066+00:00,7026.584,8946.375,10098.333,1104.066,99.068,106.448
37,5,8,sleep,2026-09-28T23:11:53.707029+00:00,2026-09-28T23:11:56.319665+00:00,6998.792,8187.541,15080.458,1128.206,50.867,57.32
38,5,4,sleep,2026-09-28T23:11:56.358942+00:00,2026-09-28T23:12:00.791347+00:00,6081.875,8028.375,12983.375,611.862,50.328,52.998
39,5,1,spin,2026-09-28T23:12:00.862396+00:00,2026-09-28T23:12:09.526271+00:00,3028.25,4949.875,10564.833,304.423,98.833,102.227
40,5,4,spin,2026-09-28T23:12:09.602449+00:00,2026-09-28T23:12:14.068069+00:00,6060.833,8051.958,13301.708,617.125,98.733,103.106
